bran,polishings
bran,polishings
coriander root,cilantro root
parsley root,parsnip-rooted parsley,turnip-rooted parsley,Hamburg parsley,Dutch parsley,heimischer,padrushka
beet,beetroots
burdock,gobo root,great burdock,beggar's button
celeriac,celery root,celery knob,turnip-rooted celery,knob celery,Germany celery,soup celery,turnip celery,cleri-rave
horseradish,German mustard
parsley root,parsnip-rooted parsley,turnip-rooted parsley,Hamburg parsley,Dutch parsley,heimischer,padrushka
rutabaga,Swede turnip,Swede,yellow turnip
salsify,goatsbeard,oyster plant,vegetable oyster
arracacha,apio
arrowroot,arrow root,Chinese potato
Chinese artichoke,crosne,Japanese artichoke,chorogi
arrowroot,arrow root,Chinese potato
cassava,casava,manioc,mandioca,tapioca root,yucca,yucca root,yuca root,Brazilian arrowroot
Jerusalem artichoke,sunchoke,sunroot,topinambour,girasole
jicama,jcama,yam bean,Mexican yam bean,ahipa,saa got,Chinese potato
malanga,tanier,tannier,tannia,yautia
taro,taro root,dasheen,coco,cocoyam,eddo,Japanese potato,baddo,elephant's ear,old cocoyam,sato-imo
water chestnut,Chinese water chestnut
red-skinned potato,red potato,red round potato
russet potato,Idaho potato,baking potato,starchy potato,chef's potato
fingerling potato,finger potato
new potatoes,creamers,baby potatoes,chats,potato nuggets,earlies
purple potato,purple Peruvian potato,blue potato,black potato
red-skinned potato,red potato,red round potato
russet potato,Idaho potato,baking potato,starchy potato,chef's potato
Yellow Finn potato,Yellow Finnish potato,Finnish yellow wax
tropical yam,true yam,greater yam,cush-cush,mapuey,yampi,nam,name,nyami,igname
yam,moist-fleshed sweet potato
boniato,tropical sweet potato,Cuban sweet potato,white sweet potato,white-fleshed sweet potato,batiste,batata,batata dulce,camote
Okinawan purple potato,Okinawan yam
tropical yam,true yam,greater yam,cush-cush,mapuey,yampi,nam,name,nyami,igname
yam,moist-fleshed sweet potato
Chinese celery,khuen chai,kinchay
rhubarb,pie plant
bamboo shoots,takenoko,take-noko,tung sun,choke-sun,chun-sun
cardoon,cardoni,cardi,Texas celery,chardoon
Chinese celery,khuen chai,kinchay
fiddlehead fern,pohole,fiddlehead greens,fern
hearts of palm,palmitos,palm hearts,swamp cabbage
rhubarb,pie plant
green onion,scallion,bunching onion,shallot,spring onion,Chinese onion,stone leek,cibol
yellow onion,yellow globe onion,yellow storage onion
boiling onion,boiler,boiler onion
cippolini onion,Borettana onion
onion flakes,dried minced onion,dehydrated onion flakes
sweet onion,fresh onion,spring onion,summer onion
white onion,
yellow onion,yellow globe onion,yellow storage onion
garlic greens,garlic sprouts
elephant garlic,great-headed garlic,Oriental garlic
garlic flakes,dehydrated minced garlic,dried garlic flakes
garlic greens,garlic sprouts
garlic powder,powdered garlic
fingerroot,Chinese ginger,Chinese key,ka chai,kra chai,krachai
galangal,galanga,greater galangal,,,Java root,Java galangal,kha,khaa,languas,lengkuas,laos,Thai ginger,Siamese ginger
ginger root,gingerroot,ginger,fresh ginger,geung,khing,shoga
green ginger,spring ginger,new ginger,young ginger,stem ginger,pink ginger,baby ginger
green ginger,spring ginger,new ginger,young ginger,stem ginger,pink ginger,baby ginger
lesser galangal,lesser galangale,kencur root,kentjur root,zedoary
fingerroot,Chinese ginger,Chinese key,ka chai,kra chai,krachai
galangal,galanga,greater galangal,,,Java root,Java galangal,kha,khaa,languas,lengkuas,laos,Thai ginger,Siamese ginger
ginger root,gingerroot,ginger,fresh ginger,geung,khing,shoga
green ginger,spring ginger,new ginger,young ginger,stem ginger,pink ginger,baby ginger
miyoga,miyoga ginger
turmeric,fresh turmeric,Indian ginger,yellow ginger,mango ginger
bok choy,Chinese chard,Chinese white cabbage,Chinese cabbage,Chinese mustard cabbage,pak choy,pak choi,baak choi,white mustard cabbage,white celery mustard,taisai,bai cai
flowering kale,ornamental kale,flowering cabbage,flowering cole
kohlrabi,cabbage turnip,stem cabbage,turnip cabbage
napa cabbage,nappa cabbage,celery cabbage,Chinese celery cabbage,Peking cabbage,Chinese cabbage,wong bok,petsai,shantung cabbage,hakusai,Chinese leaf,
yau choy,yao choy,yow choy,yu choy,edible rape,flowering edible rape,green choy sum,you cai
butterhead lettuce,butter lettuce
corn salad,mache,lamb's lettuce,lamb's tongue,field lettuce,field salad,
curly endive,chicory,chicory endive,curly chicory,frise,frisee,frise
escarole,Batavian endive
iceberg lettuce,head lettuce,cabbage lettuce,crisphead lettuce
leaf lettuce,looseleaf lettuce,bunching lettuce,cutting lettuce,salad-bowl lettuce,lechuga
mizuna,Japanese greens,spider mustard
radicchio,red chicory,red-leafed chicory,red Italian chicory,chioggia
radicchio,red chicory,red-leafed chicory,red Italian chicory,chioggia
spring salad mix,
tat soi,spoon cabbage
Belgian endive,French endive,witloof,witloof chicory,chicory
Bibb lettuce,limestone lettuce
corn salad,mache,lamb's lettuce,lamb's tongue,field lettuce,field salad,
curly endive,chicory,chicory endive,curly chicory,frise,frisee,frise
dandelions,dandelion greens
endigia,red endive
escarole,Batavian endive
iceberg lettuce,head lettuce,cabbage lettuce,crisphead lettuce
mizuna,Japanese greens,spider mustard
oakleaf lettuce,oak leaf lettuce
radicchio,red chicory,red-leafed chicory,red Italian chicory,chioggia
romaine lettuce,cos
tat soi,spoon cabbage
broccoli raab,broccolirab,broccoli de rape,broccoli de rabe,brocoletti di rape,brocoletto,rappi,rape,raab,rapini,cima di rapa,cima di rabe,choy sum,Chinese flowering cabbage
callaloo,callilu,calalou,callau,taro leaf,bhaji,elephant's ear,sag,sagaloo
callaloo,callilu,calalou,callau,taro leaf,bhaji,elephant's ear,sag,sagaloo
celtuce,asparagus lettuce,stem lettuce
celtuce,asparagus lettuce,stem lettuce
Chinese broccoli,Chinese kale,gai lan,gai lum,kai lan
Chinese spinach,hiyu,hon-toi-moi,yin choy,een choy,amaranth,hsien tsai
chrysanthemum leaves,chop suey greens,tong ho,tung ho,garland chrysanthemum,
collard greens,collards
gai choy,kai choy,Chinese mustard cabbage,Chinese mustard greens,Indian mustard,leaf mustard
kale,borecole,
kontomire,African spinach Shopping
Malabar spinach,Ceylon spinach,saan choy,slippery vegetable,alogbati,mong toi,Vietnamese spinach
pumpkin leaves,pumpkin greens
purslane,verdolaga
sorrel,rosella,sour grass,dock,sour dock
sorrel,rosella,sour grass,dock,sour dock
Swiss chard,chard,spinach beet,leaf beet,seakale beet,silver beet,white beet
turnip greens,turnip tops,turnip salad,Hanover greens
water spinach,swamp spinach,ung choy,long green,kangkong,tangkong
broccoli raab,broccolirab,broccoli de rape,broccoli de rabe,brocoletti di rape,brocoletto,rappi,rape,raab,rapini,cima di rapa,cima di rabe,choy sum,Chinese flowering cabbage
callaloo,callilu,calalou,callau,taro leaf,bhaji,elephant's ear,sag,sagaloo
celtuce,asparagus lettuce,stem lettuce
Chinese broccoli,Chinese kale,gai lan,gai lum,kai lan
Chinese spinach,hiyu,hon-toi-moi,yin choy,een choy,amaranth,hsien tsai
chrysanthemum leaves,chop suey greens,tong ho,tung ho,garland chrysanthemum,
collard greens,collards
gai choy,kai choy,Chinese mustard cabbage,Chinese mustard greens,Indian mustard,leaf mustard
jute leaf,West Africa sorrel,krin-krin,saluyot,rau day,Jew mallow
kale,borecole,
Malabar spinach,Ceylon spinach,saan choy,slippery vegetable,alogbati,mong toi,Vietnamese spinach
mustard greens,curled mustard
nettles,nettle leaves
purslane,verdolaga
sorrel,rosella,sour grass,dock,sour dock
Swiss chard,chard,spinach beet,leaf beet,seakale beet,silver beet,white beet
turnip greens,turnip tops,turnip salad,Hanover greens
water spinach,swamp spinach,ung choy,long green,kangkong,tangkong
banana blossom,banana flower
broccoflower,green cauliflower
broccolini,baby broccoli
green bean,string bean,snap bean
winged bean,winged pea,goa bean,asparagus pea,asparagus bean,four-angled bean,manila bean,princess pea
yard-long bean,asparagus bean,dow gok,dau gok,Chinese long bean,long bean,bodi,boonchi
green bean,string bean,snap bean
haricot verts,French bean,French green bean,French filet bean
Italian flat bean,Romano bean,runner bean
yard-long bean,asparagus bean,dow gok,dau gok,Chinese long bean,long bean,bodi,boonchi
okra,ochro,okro,bamia,bamie,bhindi,bindi,gumbo,gombo,ladies' fingers,ladyfingers,quingombo,quiabo
snow pea,Chinese snow pea,Chinese pea,Chinese pea pod,sugar pea,mange-tout pea,edible-podded pea
snow pea,Chinese snow pea,Chinese pea,Chinese pea pod,sugar pea,mange-tout pea,edible-podded pea
sugar snap,snap pea,sugar snap pea,sugar pea
fresh black-eyed pea,fresh cowpea,fresh crowder pea,fresh lobhia,fresh lombia,fresh black-eye bean,fresh black-eye pea,fresh black-eyed suzy,fresh China bean,fresh chawli,fresh poor man's pea,fresh Southern pea
fresh black-eyed pea,fresh cowpea,fresh crowder pea,fresh lobhia,fresh lombia,fresh black-eye bean,fresh black-eye pea,fresh black-eyed suzy,fresh China bean,fresh chawli,fresh poor man's pea,fresh Southern pea
garden pea,English pea
fresh cannellini bean,fresh white kidney bean,fresh fazolia bean
fresh cannellini bean,fresh white kidney bean,fresh fazolia bean
fresh cranberry bean,fresh borlotti bean,fresh saluggia,fresh shell bean,salugia bean,fresh crab eye bean,fresh rosecoco bean,fresh Roman bean,fresh fagiolo romano
edamame,sweet bean,vegetable soybean,beer bean,edible soybean,garden soybean,immature soybean,green soybean
fresh lima bean,fresh butter bean
cloud ear mushroom,cloud ear fungus,mo-er
eryngii mushroom,eringii mushroom,king oyster mushroom
pom pom mushroom,lion's mane mushroom,beard mushroom
shimeji mushroom,pioppini mushroom
silver ear mushroom,snow mushroom,white fungus,white jelly fungus,white tree fungus
straw mushrooms,paddy straw mushrooms
wood ear mushroom,woodear mushroom,black fungus,tree ear mushroom
black trumpet mushroom,black chanterelle
blewit mushrooms,blewitt mushrooms,blue-leg mushrooms,blue foot mushrooms,bluette mushrooms
chanterelle,egg mushroom,girole,pfifferling
chicken-of-the-woods mushroom,sulfur mushroom
cloud ear mushroom,cloud ear fungus,mo-er
cremini mushroom,crimini mushroom,Italian brown mushroom,Italian mushroom,brown mushroom
enoki mushroom,enok,enokidake,enokitake,golden needle mushroom,golden mushroom,snow puff mushroom,velvet foot mushroom,velvet stem mushroom,winter mushroom
eryngii mushroom,eringii mushroom,king oyster mushroom
hedgehog mushroom,sweet tooth mushroom
huitlacoche,cuitlacoche,corn smut,maize mushroom,maizteca mushroom,Mexican truffle
maitake mushroom,hen-of-the-woods mushroom,ram's head mushroom,sheep's head mushroom,kumotake mushroom
matsutake mushroom,pine mushroom
oyster mushroom,tree oyster mushroom,pleurotus mushroom,pleurotte,abalone mushroom
pom pom mushroom,lion's mane mushroom,beard mushroom
porcino,cepe,cep,bolete,king bolete,borowik,Polish mushroom,steinpilze,stensopp Plural: porcini
portobello mushroom,portabello mushroom,giant cremini
shiitake mushroom,shitake mushroom,black forest mushroom,black mushroom,black winter mushroom,brown oak mushroom,Chinese black mushroom,Oriental black mushroom,forest mushroom,golden oak mushroom,donko
shimeji mushroom,pioppini mushroom
straw mushrooms,paddy straw mushrooms
white mushroom,button mushroom,white button mushroom,supermarket mushroom
wood ear mushroom,woodear mushroom,black fungus,tree ear mushroom
yellow foot mushroom,yellow foot chanterelle,funnel chanterelle,winter chanterelle
tomatillo,ground tomato,husk tomato,jamberry,Mexican green tomato,Spanish tomato,tomate verde,Mexican husk tomato,Chinese lantern plants,fresadilla,miltomate
tomatillo,ground tomato,husk tomato,jamberry,Mexican green tomato,Spanish tomato,tomate verde,Mexican husk tomato,Chinese lantern plants,fresadilla,miltomate
sauce tomato,paste tomato,plum tomato
teardrop tomato,poire-joli,pear tomato
sauce tomato,paste tomato,plum tomato
slicing tomato,globe tomato
teardrop tomato,poire-joli,pear tomato
aubergine,berenjena,brinjal,garden egg,egg apple,patlican,melongene,melanzane,Guinea squash
American eggplant,globe eggplant
apple green eggplant,green apple eggplant
apple green eggplant,green apple eggplant
Asian eggplants,Oriental eggplants
American eggplant,globe eggplant
pea eggplants,baby Thai eggplants makua puong,makheau phuang
calabaza,green pumpkin,West Indian pumpkin,Cuban squash,toadback,Jamaican pumpkin,crapaudback,ahuyama,zapallo,abbora,giraumon
kabocha squash,Japanese squash,Japanese pumpkin,nam gwa,sweet mama
delicata squash,sweet potato squash,Bohemian squash
golden nugget squash,Oriental pumpkin,gold nugget squash
kabocha squash,Japanese squash,Japanese pumpkin,nam gwa,sweet mama
spaghetti squash,calabash,vegetable spaghetti
cucuzza,cucuzzi,bottle gourd,calabash,zucca,suzza melon,Tasmania bean,New Guinea bean,Italian squash
pattypan squash,scalloped squash,scallop,custard squash,white bush squash,cymling,white squash
vegetable marrow,marrow squash
chayote,cho-cho,chocho,christophene,christophine,chuchu,mango squash,mirliton
globe squash,Ronde de Nice
pattypan squash,scalloped squash,scallop,custard squash,white bush squash,cymling,white squash
fuzzy melon,hairy melon,hairy cucumber,moqua
bitter melon,balsam pear,bitter cucumber,bitter gourd,ampalaya,Chinese bitter melon,foo gwa,karela
Chinese okra,silk squash,silk melon,Taiwanese okra
fuzzy melon,hairy melon,hairy cucumber,moqua
winter melon,ash pumpkin,winter gourd,Chinese winter melon,wax gourd
Armenian cucumber,snake melon,snake cucumber,uri
English cucumber,burpless cucumber,English cucumber,European cucumber,hothouse cucumber,seedless cucumber,gourmet cucumber,greenhouse cucumber
garden cucumber,market cucumber,common cucumber,regular cucumber,outdoor cucumber,field-grown cucumbers
cachucha pepper,rocatillo,aji dulce
cubanelle,Cuban pepper
lamuyo,European sweet pepper,rouge royal
bell pepper,capsicum,sweet pepper
cubanelle,Cuban pepper
banana pepper,banana chile,sweet banana pepper
chilaca,chile chilaca,pasilla chile pepper
guero,chile guero,yellow hot chile,caribe,Sante Fe grande,caloro,goldspike
Holland chile,Dutch chile
piquant pepper,sport pepper
poblano pepper,
Thai chile,bird pepper,Thai bird chile,prik chi fa,Thai jalapeno
banana pepper,banana chile,sweet banana pepper
cayenne pepper,finger chili,ginnie pepper,bird pepper
cherry pepper,hot cherry pepper,Hungarian cherry pepper,bird cherry pepper,Creole cherry pepper,wiri-wiri
chilaca,chile chilaca,pasilla chile pepper
guero,chile guero,yellow hot chile,caribe,Sante Fe grande,caloro,goldspike
Holland chile,Dutch chile
New Mexico green chile,New Mexico chile,New Mexico red chile
poblano pepper,
Thai chile,bird pepper,Thai bird chile,prik chi fa,Thai jalapeno
yellow wax pepper,Hungarian wax pepper,hot Hungarian wax pepper
aj panca chile,aji panca chile
cayenne pepper,Ginnie pepper
chile de arbol,arbol chile,red chile
chipotle pepper,smoked jalapeno pepper,chile seco
pequin pepper,piquin
puya chile,pulla chile
tepin,chiltpin,chiltepin,chiltecpin
tepin,chiltpin,chiltepin,chiltecpin
ancho chile pepper,
cascabel pepper,rattle chile,bola chile,chile bola
chile de arbol,arbol chile,red chile
chipotle pepper,smoked jalapeno pepper,chile seco
mulato chile,mulatto chile
New Mexico red chile,New Mexican chile,chiles de ristra
pasilla chile,chile negro,pasilla negro
pequin pepper,piquin
tepin,chiltpin,chiltepin,chiltecpin
Royal olive,Victoria olive,Royal Victoria olive,Greek royal olive
Sevillano olive,Queen olive
Amphissa olive,Amfisa olive
Atalanta olive,Atalanti olive
Gaeta olive,Gyeta olive
Kalamata olive,Calamata olive
Manzanilla olive,Spanish olive
Nafplion green olive,Nafphlion,Nafpelion,Naphlion
Nicoise olive,Nioise olive
sushi nori,seaweed sheets,nori
laver,purple laver,purple seaweed,nori,redware
wakame,alaria
hijiki,hiziki
konbu,kombu,tangle,sea tangle,oarweed,sea cabbage,kelp
sushi nori,seaweed sheets,nori
laver,purple laver,purple seaweed,nori,redware
seabean,sea green bean,pousse-pierre,passe-pierre,pousse-pied,salicornia,glasswort,samphire,marsh samphire,sea pickle
wakame,alaria
daikon sprouts,kaiware,radish sprouts,tsumamina,clover radish
mung bean sprouts,bean sprouts
nopale,prickly pear cactus pad,prickly pear cactus leaf,prickly pear cactus paddle,nopal
calamondin,calamondin orange,China orange,Panama orange
citron,cedro,yuzu
kabosu,kabosu lime
kaffir lime,jeruk purut,leech lime,limau purut,magrood,makroot,makrut
kalamansi,kalamansi lime,calamansi,calamansi lime,musk lime,musklime
key lime,Florida key lime,Mexican lime
key lime,Florida key lime,Mexican lime
orange,sweet orange
pomelo,pummelo,Chinese grapefruit,shaddock
ugli fruit,Uniq fruit
bergamot,bergamot orange
blood orange,pigmented
citron,cedro,yuzu
kaffir lime,jeruk purut,leech lime,limau purut,magrood,makroot,makrut
key lime,Florida key lime,Mexican lime
orange,sweet orange
pomelo,pummelo,Chinese grapefruit,shaddock
Seville orange,bitter orange,bigarade orange,sour orange
ugli fruit,Uniq fruit
bilberry,whortleberry,blaeberry,whinberry
blackberry,bramble
Cape gooseberry,Chinese lantern,physalis,golden gooseberry,alkekengi,strawberry tomato,ground cherry,husk tomato,golden berry,golden husk,poha
cranberry,bounceberry Shopping
frais des bois,wild strawberry,wood strawberry
grapes,table grapes
juneberry,saskatoon,serviceberry,shadberry
kiwi fruit,kiwi,kiwifruit,Chinese gooseberry,monkey peach,yang-tao
olallieberry,olallie berry
Zante grapes,champagne grapes
Zante grapes,champagne grapes
blackberry,bramble
black currant,cassis
Cape gooseberry,Chinese lantern,physalis,golden gooseberry,alkekengi,strawberry tomato,ground cherry,husk tomato,golden berry,golden husk,poha
cranberry,bounceberry Shopping
frais des bois,wild strawberry,wood strawberry
grapes,table grapes
kiwi fruit,kiwi,kiwifruit,Chinese gooseberry,monkey peach,yang-tao
olallieberry,olallie berry
Zante grapes,champagne grapes
Synonyms: drupes,summer fruit
acerola,Barbados cherry,Puerto Rican cherry,West Indian cherry
donut peach,saucer peach
donut peach,saucer peach
plum,fresh prune
donut peach,saucer peach
plum,fresh prune
pluot,plumcot
sour cherry,pie cherry,tart cherry,red cherry
green papaya,cooking
green papaya,cooking
papaya,fruta bomba,lechosa,tree melon,
green papaya,cooking
papaya,fruta bomba,lechosa,tree melon,
pomegranate,Chinese apple
star fruit,starfruit,carambola,five-angled fruit,five corners,Chinese star fruit,tree melon
canistel,egg fruit Shopping
Capulin cherry,Capulin,Panama berry,Capuli,tropic cherry,tropical cherry
carissa,natal plum
cashew apple,cashew fruit,maraon,merey,caju,cajueiro
cherimoya,custard apple,sherbet fruit,chirimolla,chirimoya,
dragon fruit,strawberry pear
guava,guayaba,goyave,guyava
langsat,lanzone,duku,lansek,lanson,lanzon
mabolo,velvet apple Shopping
mamey sapote,mammee,mamey
mamey sapote,mammee,mamey
mangosteen,mangostan
mangosteen,mangostan
monstera,ceriman,Mexican breadfruit
Otaheite gooseberry,grosella,cheremai
passionfruit,passion fruit,granadilla,maracudja,maracuja
pawpaw,papaw
pepino,pepino melon,mellowfruit,treemelon,melon pear,sweet cucumber,melon shrub,pear melon
pitaya,pitahaya,cactus fruit,apple cactus
plantain,cooking banana,platano,platano macho,Adam's fig,macho banana Shopping
sapodilla,naseberry Shopping
sapote,sapota,zapote,Mexican custard apple,marmalade plum
soursop,guanabana
soursop,guanabana
star apple,caimito
star apple,caimito
sweetsop,sugar apple
tamarind,asam jawa,Indian date,tamarindo
tamarillo,tree tomato,tomate de rbol
tamarillo,tree tomato,tomate de rbol
white sapote,zapote blanco,matasano,casimiroa,custard apple
breadfruit,panapen,pana de pepita
cherimoya,custard apple,sherbet fruit,chirimolla,chirimoya,
Chinese date,jujube
feijoa,feijoda,pineapple guava
guava,guayaba,goyave,guyava
jackfruit,jakfruit,jak,nankga
litchi,lychee,lichee,lichi,leechee,laichee
longan,lungan,dragon's eyes
mamey sapote,mammee,mamey
mangosteen,mangostan
passionfruit,passion fruit,granadilla,maracudja,maracuja
pepino,pepino melon,mellowfruit,treemelon,melon pear,sweet cucumber,melon shrub,pear melon
plantain,cooking banana,platano,platano macho,Adam's fig,macho banana Shopping
prickly pear,Indian fig,Indian pear,barbary fig,tuna,cactus pear
soursop,guanabana
tamarind,asam jawa,Indian date,tamarindo
tamarillo,tree tomato,tomate de rbol
white sapote,zapote blanco,matasano,casimiroa,custard apple
Cranshaw melon,Crenshaw melon
honeyball melon,honey ball melon
honeydew melon,honey dew melon
Santa Claus melon,Christmas melon
Spanish melon,Green Tendral melon,Elche honeydew
Canary melon,Juan Canary melon
cantaloupe,nutmeg melon,muskmelon,netted melon,rockmelon
Charantais melon,French Charantais melon
Cranshaw melon,Crenshaw melon
honeydew melon,honey dew melon
kiwano,kiwano melon,horned melon,African horned cucumber,African horned melon,English tomato,hedged gourd,jelly melon,melano
Santa Claus melon,Christmas melon
yellow melon,dua gan,Korean melon
Chinese date,Chinese red date,red date,senjed,Chinese jujube,jujube
Chinese date,Chinese red date,red date,senjed,Chinese jujube,jujube
Chinese date,Chinese red date,red date,senjed,Chinese jujube,jujube
citrus peel, dried,fruit peel, dried
golden raisin,Sultana
golden raisin,Sultana
kokum,kokum ful,cocum
litchi nut,lychee nut,lichee nut,lichi nut,leechee nut
prune,dried plum
prune,dried plum
Chinese date,Chinese red date,red date,senjed,Chinese jujube,jujube
currants,Zante currants,Zante raisins,dried Corinth grapes
golden raisin,Sultana
kokum,kokum ful,cocum
litchi nut,lychee nut,lichee nut,lichi nut,leechee nut
prune,dried plum
raisins,dried grapes
sun-dried tomatoes,dried tomatoes
Asian pear,apple pear,Japanese pear,Chinese pear,Oriental pear,sand pear,nashi,nashi pear,salad pear
loquat,Japanese plum,Japanese medlar
Asian pear,apple pear,Japanese pear,Chinese pear,Oriental pear,sand pear,nashi,nashi pear,salad pear
crab apple,
loquat,Japanese plum,Japanese medlar
quince,golden apple
pureed prunes,prune puree,prune lekvar,lekvar,prune butter To make your
pureed prunes,prune puree,prune lekvar,lekvar,prune butter To make your
candied apricot,glaced apricot,abricot glac,glace apricot
candied fruit,glace fruits,glac fruits
glace cherries,glac cherries
candied fruit,glace fruits,glac fruits
crystallized ginger,candied ginger To make your
glace cherries,glac cherries
lime juice,Persian lime juice
tamarind juice,tamarind water,tamarind sauce,tamarind nectar To make your
bitter orange juice,bigarade orange juice,Seville orange juice,sour orange juice
clam juice,clam nectar
key lime juice,Mexican lime juice
lime juice,Persian lime juice
breakfast cream,qaimaaq
clotted cream,Devonshire cream,Devon cream To make your
evaporated milk,condensed milk,concentrated milk
half-and-half,half & half
light cream,coffee cream,table cream
light whipping cream,whipping cream
raw milk,real milk,fresh milk
clotted cream,Devonshire cream,Devon cream To make your
evaporated milk,condensed milk,concentrated milk
half-and-half,half & half
heavy cream,heavy whipping cream
clabber cream,clabber,clabbered cream
jocoque,labin
jocoque,labin
kaymak,kaimaki
kumiss,koumis,koumiss,koumyss,arjan
qurut,quroot,kashk,yazdie
qurut,quroot,kashk,yazdie
yogurt,yoghurt
jocoque,labin
qurut,quroot,kashk,yazdie
smetana,smitane,smatana,slivki Shopping
light coconut milk,lite coconut milk
soy milk,soymilk,soy beverage,soya milk,soya beverage
cottage cheese,smierkase
farmer cheese,farmer's cheese,farm cheese,pressed cheese,hoop cheese,baker's cheese
goat cheese,chevre frais,chvre frais,fromage de chvre frais
Mizithra cheese,myzithra
Neufchatel,Neufchtel
paneer cheese,panir cheese,Indian curd cheese
Petit-Suisse,Petit Suisse
queso fresco,queso de metate
Requeson cheese,Requesn
Rondel,Rondele
yogurt cheese,chaka,labneh,lebna,labne,labanah
cream cheese,
farmer cheese,farmer's cheese,farm cheese,pressed cheese,hoop cheese,baker's cheese
goat cheese,chevre frais,chvre frais,fromage de chvre frais
mascarpone,mascherpone,Italian cream cheese
Mizithra cheese,myzithra
Neufchatel,Neufchtel
paneer cheese,panir cheese,Indian curd cheese
quark,quark-curd,topfen,quarg,curd-cheese
queso fresco,queso de metate
queso panela,panela,queso de canasta
Rondel,Rondele
yogurt cheese,chaka,labneh,lebna,labne,labanah
soft cheese,soft paste cheese
Carr de l'est,Carre de l'Est
Crema Danica,Crema Dania
Epoisses,Epoisses de Bourgogne
Explorateur,l'Explorateur
hand,handkse,handkase,harzer kase,harzer kse
kochkse,kochkase
Pont-l'Evque,Pont l'Eveque
Pont-l'Evque,Pont l'Eveque
Brinza cheese,Brynza cheese,Bryndzacheese
Explorateur,l'Explorateur
hand,handkse,handkase,harzer kase,harzer kse
Pont-l'Evque,Pont l'Eveque
robiola Lombardia cheese,robiola cheese
Schloss,Schlosskse,Schlosskase,castle cheese
Saint Andr cheese,St. Andre cheese
Saint Marcellin cheese,St. Marcellin cheese
Stracchino,Crescenza,Stracchino di Crescenza
asadero,queso asadero,Oaxaca cheese,Chihuahua cheese
Beaumont cheese,Tomme de Beaumont
Beaumont cheese,Tomme de Beaumont
Caciocavallo,Cacciocavallo
Esrom,Danish Port Salut
Muenster,Munster,Mnster
pasta filata,spun curd cheeses,pulled curd cheeses,plastic curd cheeses,stretched curd cheeses
Port Salut cheese,Port du Salut
queso Chihuahua,queso Menonita
Samsoe,Samso
Scamorza,Scamorze
Tilsit,Tilsiter,Tilsit Havarti
Urgelia cheese,Queso de l'Alt Urgell y la Cerdanya
asadero,queso asadero,Oaxaca cheese,Chihuahua cheese
Caciocavallo,Cacciocavallo
Esrom,Danish Port Salut
Haloumi,Halloumi
mozzarella di bufalo,buffalo milk mozzarella
Muenster,Munster,Mnster
Port Salut cheese,Port du Salut
Scamorza,Scamorze
Tilsit,Tilsiter,Tilsit Havarti
Tomme de Savoie cheese,tomme de montagne
Urgelia cheese,Queso de l'Alt Urgell y la Cerdanya
Abondance,Tomme d'Abondance
Appenzell,Appenzeller
chevre,chvre
Comte,Comt,Gruyre du Comt,Comte Gruyere
Derby cheese,Derbyshire cheese Includes: Derby Sage cheese
Derby cheese,Derbyshire cheese Includes: Derby Sage cheese
Emmental,Emmentaler
Gruyere,Gruyre
Idiazabal cheese,Idiazbal cheese,queso vasco
Kashkaval,Kachkeval
Kashkaval,Kachkeval
Leicester,Red Leicester
Leyden,Leiden
Mahn cheese,Mahon cheese
Mysost,Primost
Nkkelost,Nokkelost
semi-firm cheese,semi-hard cheese
Abondance,Tomme d'Abondance
Appenzell,Appenzeller
Comte,Comt,Gruyre du Comt,Comte Gruyere
Derby cheese,Derbyshire cheese Includes: Derby Sage cheese
Emmental,Emmentaler
gamonedo,queso gamonedo,gamone
Gruyere,Gruyre
Kashkaval,Kachkeval
Leyden,Leiden
Mahn cheese,Mahon cheese
Nkkelost,Nokkelost
Saint Nectaire cheese,St. Nectaire cheese
Swiss cheese,American Swiss cheese
firm cheeses,hard cheeses,grating cheeses,grana
cotija,queso anejado
dry jack,dry Monterey
Kashkaval,Kachkeval
Kefalotyri,Kefalotiri
Manchego,queso Manchego viejo
mimolette cheese,boule de Lille
queso enchilada,anejo enchilado,queso anejo
queso enchilada,anejo enchilado,queso anejo
Sapsago,Sap sago,Schabziger
Sbrinz,Swiss Sbrinz
Sbrinz,Swiss Sbrinz
cotija,queso anejado
dry jack,dry Monterey
Kashkaval,Kachkeval
Kefalotyri,Kefalotiri
Manchego,queso Manchego viejo
mimolette cheese,boule de Lille
Mizithra,Mytzithra
Parmesan cheese,Parmigiano
queso enchilada,anejo enchilado,queso anejo
Sapsago,Sap sago,Schabziger
Sbrinz,Swiss Sbrinz
Bleu de Chevre,Bleuet
Danish blue,Danablu
picon,picn,picos de Europa,Picon cabrales
Cabrales,queso de Cabrales
Cashel Bleu,Cashel Blue,Irish Cashel
Danish blue,Danablu
Montbriac,Montbriac Rochebaron
picon,picn,picos de Europa,Picon cabrales
American cheese,American cheese food,American pasteurized process cheese food
American cheese,American cheese food,American pasteurized process cheese food
fil powder,fil,gumbo file,gumbo fil,ground sassafras leaves,sassafras leaves,file powder,file,fil powder,fil
fil powder,fil,gumbo file,gumbo fil,ground sassafras leaves,sassafras leaves,file powder,file,fil powder,fil
bai-toey,bai toey,bai touy
Chinese chives,gow choy,garlic chives,ku chai
flowering chives,flowering Chinese chives,flowering garlic chives
holy basil,bai kaprao,bai kaprow,bai gaprao,bai kraprao
Indonesian bay leaf,daun salam,salam leaf
kaffir lime leaf,makroot leaf,makrut lime leaf,magrood leaf,daun jeruk purut,daun limau purut,bai makrut,Indonesian lime leaves
ketumbar,daun ketumbar
laksa leaf,daun kesom,rau ram,Vietnamese mint,water pepper,Vietnamese coriander
mitsuba,trefoil,honewort
sawleaf herb,ngo gai
serai powder,sereh powder See: lemon grass
shiso,perilla,beefsteak plant
sweet Asian basil,sweet basil,bai horapha,bai horapa
tia to,tia t
yellow Chinese chives,yellow garlic chives,yellow chives
betel leaf,pupulu
chile leaf,chilli leaf,chili leaf,la ot,rau ot
Chinese chives,gow choy,garlic chives,ku chai
flowering chives,flowering Chinese chives,flowering garlic chives
holy basil,bai kaprao,bai kaprow,bai gaprao,bai kraprao
Indonesian bay leaf,daun salam,salam leaf
kaffir lime leaf,makroot leaf,makrut lime leaf,magrood leaf,daun jeruk purut,daun limau purut,bai makrut,Indonesian lime leaves
laksa leaf,daun kesom,rau ram,Vietnamese mint,water pepper,Vietnamese coriander
la-lot leaf,la lot leaf,pepper leaf
lemon basil,bai maengluk,bai manglak,kemangi
mitsuba,trefoil,honewort
rice paddy herb,ngo om
sawleaf herb,ngo gai
screw pine leaf,screwpine leaf,bai toey,bai touy,pandanus leaf
shiso,perilla,beefsteak plant
sweet Asian basil,sweet basil,bai horapha,bai horapa
Thai basil,licorice basil
tia to,tia t
yellow Chinese chives,yellow garlic chives,yellow chives
angelica,archangel,ground ash,masterwort
angelica,archangel,ground ash,masterwort
cicely,sweet cicely,Spanish chervil,sweet chervil
curly parsley,curly-leaf parsley
dill leaf,dillweed,dill weed
lemon balm,balm,melissa,bee balm
lemon balm,balm,melissa,bee balm
lemon verbena,verbena
angelica,archangel,ground ash,masterwort
bay leaf,bay laurel leaf,laurel leaf,sweet bay laurel leaf
chervil,French parsley
curly parsley,curly-leaf parsley
dill leaf,dillweed,dill weed
lemon balm,balm,melissa,bee balm
lemon verbena,verbena
lovage,wild celery,smallage,smellage
marjoram,sweet marjoram,knot marjoram,knotted marjoram
oregano,wild marjoram,pot marjoram
sweet basil,Italian basil
avocado leaves,hoja de aguacate
culantro,culentro,recao,spirit weed,long coriander,false coriander,Mexican coriander
epazote,goosefoot,Jerusalem oak,lamb's quarters,Mexican tea,wormseed,stinkweed
guajes,cuajes
safflower,Mexican saffron,saffron flower,American saffron
papalo,ppalo,papaloquelite
yerba buena,wild spearmint,hierba buena
yerba buena,wild spearmint,hierba buena
avocado leaves,hoja de aguacate
epazote,goosefoot,Jerusalem oak,lamb's quarters,Mexican tea,wormseed,stinkweed
guajes,cuajes
safflower,Mexican saffron,saffron flower,American saffron
papalo,ppalo,papaloquelite
pipicha,pepicha
yerba buena,wild spearmint,hierba buena
curry leaf,meetha neem,kari patta
curry leaf,meetha neem,kari patta
fenugreek leaves,holba,methi leaves
meloukhia,Jew's mallow,jute,molukhia
cilantro,coriander leaf,Chinese parsley,culantrillo,koyendoro,Mexican parsley,pak chee,yuen-sai,green coriander,coriander green
cilantro,coriander leaf,Chinese parsley,culantrillo,koyendoro,Mexican parsley,pak chee,yuen-sai,green coriander,coriander green
melegueta pepper,malaguetta pepper,malagueta pepper,grains of paradise,Guinea pepper
star anise,anise,whole anise,Chinese star anise,Chinese anise
Szechwan peppercorn,Sichuan peppercorn,Szechuan peppercorn,anise pepper,brown peppercorn,Chinese aromatic pepper,Chinese pepper,flower pepper,sancho,Japanese pepper,Japan pepper,wild pepper,fagara pepper
ginger,ground ginger,powdered ginger
annatto seed,achiote seed,annotto seed,achote seed,achuete seed,atsuete seed,bija,bijol,roucou
cayenne pepper,ground red pepper,red pepper
red chile powder,chile powder,New Mexican red chile powder
red pepper flakes,crushed red pepper,pizza pepper
black cumin seeds,royal cumin seeds,kala jeera,shahi jeera,saah jeera
curcuma,Indian saffron
nigella,black onion seeds,kalonji,calonji,habasoda,ketza,black caraway
ajwain,ajwain seed,carom seed,bishop's weed,ajowan,ajowan seed,ajwon,ajwan
amchoor,amchur,umchoor,green mango powder,aamchur,amchor,dried green mango,dried mango powder
black cumin seeds,royal cumin seeds,kala jeera,shahi jeera,saah jeera
brown cardamom,black cardamom
nigella,black onion seeds,kalonji,calonji,habasoda,ketza,black caraway
white poppy seeds,kas-kas
Aleppo pepper,Near Eastern pepper
mahlab,mahlepi,mahleb
sumac berries,ghora angur Shopping
dill seed,dillseed
fennel seed,fennel,sweet cumin
vanilla bean,vanilla pod
anise seed,aniseed,anis
cardamom,cardamon,green cardamom
cassia cinnamon,cassia,Chinese cinnamon,Chinese cassia,false cinnamon
cumin,comino,cummin,jeera
dill seed,dillseed
fennel seed,fennel,sweet cumin
sesame seed,benne seed,goma
ground turmeric,powdered turmeric,Indian saffron,eastern saffron.
vanilla bean,vanilla pod
yellow mustard seeds,white mustard seeds
green pepper,green peppercorns
pink peppercorns,red peppercorns
black pepper,black peppercorns
green pepper,green peppercorns
pink peppercorns,red peppercorns
white pepper,white peppercorns
berbere,Ethiopian spice mix
crab boil,shrimp spice
creole spice mix,creole seasoning mix
pizza spice,pizza pepper
Cajun spice mix,Cajun seasoning mix To make your
crab boil,shrimp spice
creole spice mix,creole seasoning mix
pizza spice,pizza pepper
mixed spice,British mixed spice
quatre epices,epices Parisiennes To make your
chat masala,chaat masala To make your
chat masala,chaat masala To make your
garam masala,Indian sweet spice mix,sweet spice mix
panch phoron,panch pharon,panchphoran,five spice
hawaij,hawaiij To make your
zahter,zaatar,zatar
watermelon seeds,bizeer batehh
egusi seeds,agushi seeds,agushie seeds,agusi seeds
ogbono,apon,agbono
watermelon seeds,bizeer batehh
extracts,flavoring extracts,liquid flavor essences
flavoring oils,essential oils,flavored oils,flavor oils
imitation vanilla extract,artificial vanilla extract,imitation vanilla flavor,artificial vanilla flavor,imitation vanilla flavoring,artificial vanilla flavoring,vanilla essence,vanilla flavoring
kewra essence,kewra oil,attar of kewra,kewra ittar
kewra water,screwpine essence,pandan essence
oil of bitter almonds,almond oil
oil of bitter almonds,almond oil
orange flower water,orange blossom water,zhaar
orange flower water,orange blossom water,zhaar
rose syrup,rose-scented syrup
rose water,rosewater,ma ward
rose water,rosewater,ma ward
vanilla extract,pure vanilla extract,natural vanilla extract
imitation vanilla extract,artificial vanilla extract,imitation vanilla flavor,artificial vanilla flavor,imitation vanilla flavoring,artificial vanilla flavoring,vanilla essence,vanilla flavoring
kewra water,screwpine essence,pandan essence
oil of bitter almonds,almond oil
orange flower water,orange blossom water,zhaar
rose water,rosewater,ma ward
vanilla extract,pure vanilla extract,natural vanilla extract
black salt,kala namak,sanchal
Hawaiian salt,alaea salt,Hawaiian sea salt,'alaea sea salt
pickling salt,canning salt,canning and pickling salt
rock salt,ice cream salt,halite,sidewalk salt,land salt
bamboo salt,parched salt,jukyom,jook yeom
black salt,kala namak,sanchal
fine salt,finely-ground salt,fine-grain salt,fin sel
French sea salt,sel marin
Hawaiian salt,alaea salt,Hawaiian sea salt,'alaea sea salt
pickling salt,canning salt,canning and pickling salt
rock salt,ice cream salt,halite,sidewalk salt,land salt
sea salt,bay salt
table salt,cooking salt,granular salt
Chinese sugar,Chinese rock sugar,rock sugar
date sugar,dehydrated date pieces
fructose,granulated fructose,fruit sugar,levulose
malt sugar,maltose,genuine maltose
maple sugar,maple sprinkles
sucanat,unrefined natural sugar,granulated sugar cane juice,dehydrated sugar cane juice
Chinese sugar,Chinese rock sugar,rock sugar
demerara sugar,demerera sugar
fructose,granulated fructose,fruit sugar,levulose
light brown sugar,golden brown sugar
malt sugar,maltose,genuine maltose
maple sugar,maple sprinkles
palm sugar,coconut sugar,Java sugar
piloncillo,panela,panocha Shopping
sucanat,unrefined natural sugar,granulated sugar cane juice,dehydrated sugar cane juice
barley malt syrup,barley syrup,malt syrup,dark malt syrup,malted cereal syrup,extract of malted barley
simple syrup,sugar syrup
Swedish light syrup,ljus sirap
barley malt syrup,barley syrup,malt syrup,dark malt syrup,malted cereal syrup,extract of malted barley
black treacle,dark treacle
brown rice syrup,rice syrup,rice bran syrup,rice malt,yinnie syrup
dark corn syrup,dark Karo syrup
golden syrup,
light corn syrup,light Karo syrup
molasses,treacle
pancake syrup,maple-flavored syrup
Swedish light syrup,ljus sirap
chocolate chips,chocolate morsels
chocolate curls,chocolate shavings,shaved chocolate
chocolate curls,chocolate shavings,shaved chocolate
chocolate-hazelnut spread,chocolate-hazelnut paste,chocolate-hazelnut butter,gianduja paste,gianduia paste,pasta gianduja,gianduja pt,gianduia pt
cocoa,cocoa powder,unsweetened cocoa powder
compound chocolate coating,compound chocolate,chocolate summer coating,decorator's chocolate,confectioners' chocolate,confectionery coating,chocolate flavored coating,confectioners coating chocolate
compound chocolate coating,compound chocolate,chocolate summer coating,decorator's chocolate,confectioners' chocolate,confectionery coating,chocolate flavored coating,confectioners coating chocolate
couverture chocolate,couverture-grade
gianduja,gianduia,hazelnut-flavored chocolate
hot cocoa mix,hot chocolate mix,instant cocoa mix
sweet chocolate,sweet dark chocolate,sweet baking chocolate
white chocolate chips,white chips
carob,St. John's bread,honey locust,locust bean
chocolate chips,chocolate morsels
chocolate curls,chocolate shavings,shaved chocolate
chocolate-hazelnut spread,chocolate-hazelnut paste,chocolate-hazelnut butter,gianduja paste,gianduia paste,pasta gianduja,gianduja pt,gianduia pt
cocoa,cocoa powder,unsweetened cocoa powder
compound chocolate coating,compound chocolate,chocolate summer coating,decorator's chocolate,confectioners' chocolate,confectionery coating,chocolate flavored coating,confectioners coating chocolate
gianduja,gianduia,hazelnut-flavored chocolate
hot cocoa mix,hot chocolate mix,instant cocoa mix
Mexican chocolate,Mexican style sweet chocolate
semi-sweet chocolate,semisweet chocolate
sweet chocolate,sweet dark chocolate,sweet baking chocolate
unsweetened chocolate,bitter chocolate,baking chocolate,pure chocolate,chocolate liquor
white chocolate,white baking bar
white chocolate chips,white chips
decorator's sugar,coarse sugar,decorating sugar
decorator's sugar,coarse sugar,decorating sugar
candied chestnuts,marrons glacs
hazelnut paste,pasta nocciola
nut butter,nut spread
nut butter,nut spread
peanut butter,peanut paste
praline paste,pralin
sesame paste,sesame seed paste,tahini,tahina
harissa,Tunisian chile paste,heriseh
harissa,Tunisian chile paste,heriseh
preserved lemon,salt-cured lemon
harissa,Tunisian chile paste,heriseh
barbecue sauce,BBQ sauce,barbeque sauceTo make your
hot pepper sauce,hot sauce
chile bean paste,chili bean paste,chili bean sauce,chilli bean sauce,bean paste with chili,hot bean paste
chile paste,Asian chile paste,chili paste,chilli paste
Chinese mustard,Chinese hot mustard To make your
dwen jang,customary soy bean paste
Japanese soy sauce,
kecap manis,ketjap manis,kejap manis,Indonesian sweet soy sauce
Korean barbecue sauce,bulgogi sauce,bulkogi sauce
nam prik,nam phrik
nam prik pao,Thai chile paste,Thai chili paste
nuoc cham,Vietnamese hot sauce To make your
plum sauce,Chinese duck sauce,Chinese plum sauce,duck sauce
red sweet bean paste,red bean paste,red bean sauce,sweet red bean paste
sambal oelek,sambal ulek To make your
shrimp paste,blachan,blacan,balachan,belacan,trassi
sweet bean sauce,sweet bean paste
sweet bean sauce,sweet bean paste
sweet bean sauce,sweet bean paste
tamari,wheat-free soy sauce
tamari,wheat-free soy sauce
tuong,toi sauce,Vietnamese soy sauce
umeboshi puree,umeboshi paste,bainiku
wasabi,wasabe,Japanese horseradish
X.O. sauce,X.O. chili sauce
bean sauce,bean paste,brown bean sauce,brown bean paste,soybean condiment,yellow bean sauce,yellow bean paste,yuan shai shih,mo yuen shih
chee hou sauce,che hau sauce,chu hou paste Shopping
chile bean paste,chili bean paste,chili bean sauce,chilli bean sauce,bean paste with chili,hot bean paste
dwen jang,customary soy bean paste
fish sauce,fish gravy
kecap manis,ketjap manis,kejap manis,Indonesian sweet soy sauce
sambal oelek,sambal ulek To make your
shrimp paste,blachan,blacan,balachan,belacan,trassi
sweet bean sauce,sweet bean paste
tamari,wheat-free soy sauce
wasabi,wasabe,Japanese horseradish
aioli,garlic mayonnaise
piccalilli relish,green tomato relish
piri piri sauce,piri-piri sauce
aioli,garlic mayonnaise
tomato paste,
chile verde,green chile sauce To make your
pipin,pipin paste,pipian,pipian paste,pumpkin seed sauce,green pumpkin seed sauce,pumpkin seed mole
recaito,recato
recaito,recato
rocoto sauce,rocoto aji sauce,rocoto pepper sauce
tamarind paste,tamarind concentrate
coconut vinegar,suka ng niyog
malt vinegar,alegar
sherry vinegar,sherry wine vinegar,vinagre de Jerz,Jerez vinegar,vinagre de Xeres,Xeres vinegar
tarragon vinegar,tarragon wine vinegar
white vinegar,distilled vinegar,distilled white vinegar,white distilled vinegar
balsamic vinegar,aceto balsamico,aceto di balsamico
Chinese black vinegar,black vinegar,black rice vinegar,Chinese brown rice vinegar,brown rice vinegar,Chinkiang vinegar,Chekiang vinegar,Chenkong vinegar,Zhejiang vinegar
coconut vinegar,suka ng niyog
malt vinegar,alegar
palm vinegar,toddy vinegar
red rice vinegar,red vinegar,Chinese red vinegar,Chinese red rice vinegar
rice vinegar,rice wine vinegar
seasoned rice vinegar,seasoned rice wine vinegar,sushi vinegar
sherry vinegar,sherry wine vinegar,vinagre de Jerz,Jerez vinegar,vinagre de Xeres,Xeres vinegar
tarragon vinegar,tarragon wine vinegar
umeboshi vinegar,umeboshi plum vinegar,ume vinegar,ume plum vinegar,pickled plum vinegar,plum vinegar
verjus,verjuice
white rice vinegar,su
white vinegar,distilled vinegar,distilled white vinegar,white distilled vinegar
liqueur,cordial
liqueur,cordial
dry vermouth,French vermouth,white vermouth
port,port wine
port,port wine
sweet vermouth,Italian vermouth
dry vermouth,French vermouth,white vermouth
port,port wine
sweet vermouth,Italian vermouth
apricot brandy,barack
cachaa,cachaca,pinga
framboise,framboise eau de vie,framboise eau-de-vie
framboise,framboise eau de vie,framboise eau-de-vie
grappa,grapa,marc,eau-de-vie de marc,eau de vie de marc,aguardiente,testerbranntwein,bagaceira,pomace brandy
kirsch,kirschwasser,cherry brandy,Schwarzwalder
kirsch,kirschwasser,cherry brandy,Schwarzwalder
kirsch,kirschwasser,cherry brandy,Schwarzwalder
pear brandy,eau-de-vie de poire
pisco,pisco brandy
apple brandy,eau-de-vie de cidre,eau-de-vie de marc de cidre,cider brandy
cachaa,cachaca,pinga
framboise,framboise eau de vie,framboise eau-de-vie
grappa,grapa,marc,eau-de-vie de marc,eau de vie de marc,aguardiente,testerbranntwein,bagaceira,pomace brandy
kirsch,kirschwasser,cherry brandy,Schwarzwalder
pear brandy,eau-de-vie de poire
pisco,pisco brandy
de-alcoholized wine,dealcoholized wine
baker's caramel,blackjack
caramel coloring,burnt sugar caramel To make your
browning,gravy browning
tonic water,quinine water
all-purpose flour,flour,plain flour
bread flour,hard-wheat flour
farina,sooji  Notes: Cream of Wheat
gluten flour,instant gluten flour,pure gluten flour,vital wheat gluten
self-rising flour,
wheat bran,bran
whole wheat flour,wholemeal flour
bread flour,hard-wheat flour
cake flour,soft-wheat flour
wheat bran,bran
whole wheat flour,wholemeal flour
bajri flour,kurakkan
chickpea flour,besan,gram flour,cici flour,chana flour,garbanzo bean flour Shopping
gari,garri
harinilla,blue corn flour
sorghum flour,jowar flour,jowari flour,juwar flour,cholam flour
soya flour,soya powder
bajri flour,kurakkan
casava flour,farinha de mandioca,casabe,manioc flour
chapati flour,chapatti flour,chappati flour,atta
chickpea flour,besan,gram flour,cici flour,chana flour,garbanzo bean flour Shopping
cornmeal,mealie meal
gari,garri
plantain flour,fufu flour
sorghum flour,jowar flour,jowari flour,juwar flour,cholam flour
nut meal,ground nuts
nut meal,ground nuts
almond meal,ground almonds
hazelnut flour,filbert flour
pecan meal,ground pecans To make your
walnut meal,ground walnuts To make your
nut meal,ground nuts
almond meal,ground almonds
hazelnut flour,filbert flour
pecan meal,ground pecans To make your
walnut meal,ground walnuts To make your
dried pasta,pasta secca
egg pasta,pasta all'uovo
ribbed pasta,pasta rigate,grooved pasta
short pasta,short goods
smooth pasta,pasta lisce
dried pasta,pasta secca
egg pasta,pasta all'uovo
fregola,fregula
ribbed pasta,pasta rigate,grooved pasta
short pasta,short goods
smooth pasta,pasta lisce
Japanese noodles,menrui
Japanese noodles,menrui
egg barley,Hungarian egg barley,tarhonya,egg drops
spaetzle,sptzle,spatzele,spetzli
egg barley,Hungarian egg barley,tarhonya,egg drops
gnocchi,potato gnocchi
kadaif,knafeh,kataifi,konafa,konafah,shredded phyllo dough,shredded phylo dough,shredded filo dough,shredded fillo dough
patty shell,pastry shell
patty shell,pastry shell
pie pastry,pte brise,pate brisee,short pastry,pie crust dough
phyllo,phyllo dough,filo,filo dough,fillo,fillo dough,phyllo pastry leaves,phylo,phylo dough,phylo pastry leaves,filo pastry leaves,fillo pastry leaves
phyllo,phyllo dough,filo,filo dough,fillo,fillo dough,phyllo pastry leaves,phylo,phylo dough,phylo pastry leaves,filo pastry leaves,fillo pastry leaves
polenta,mush
puff pastry,puff paste,pt feuillete,pate feuilletee,feuilletage,mille feuilles
seitan,fu,kofu,wheat meat
tart shell,pastry tart shell
yufka,bourek dough,bourek sheets
yufka,bourek dough,bourek sheets
gnocchi,potato gnocchi
patty shell,pastry shell
phyllo,phyllo dough,filo,filo dough,fillo,fillo dough,phyllo pastry leaves,phylo,phylo dough,phylo pastry leaves,filo pastry leaves,fillo pastry leaves
puff pastry,puff paste,pt feuillete,pate feuilletee,feuilletage,mille feuilles
seitan,fu,kofu,wheat meat
yufka,bourek dough,bourek sheets
beurre mani,beurre manie,kneaded butter
beurre mani,beurre manie,kneaded butter
instant-blending flour,instant flour,instantized flour,quick-mixing flour
aspic powder,aspic jelly powder
carrageen,carragheen,Irish moss
agar,agar-agar,agar agar,dai choy goh,kanten,Japanese gelatin,Japanese isinglass,Chinese gelatin,Chinese isinglass,vegetable gelatin,angel's hair
carrageen,carragheen,Irish moss
gelatin,animal jelly,gelatine,unflavored gelatin,unflavored gelatine
ClearJel,ClearJel starch,Clear-jel
instant tapioca,quick-cooking tapioca,quick tapioca,granulated tapioca,tapioca granules,instant pearl tapioca
kudzu powder,kuzu powder
potato starch,potato flour,potato starch flour,katakuriko
regular tapioca,small pearl tapioca
sago starch,sago,pearl sage
sweet rice flour,mochiko,glutinous rice flour,glutinous rice powder,sweet glutinous rice flour,mochi flour,naw may fun
water chestnut flour,water chestnut powder,water chestnut starch
cornstarch,corn starch,cornflour,crme de mais,maize cornflour
instant tapioca,quick-cooking tapioca,quick tapioca,granulated tapioca,tapioca granules,instant pearl tapioca
kudzu powder,kuzu powder
potato starch,potato flour,potato starch flour,katakuriko
sago starch,sago,pearl sage
sweet rice flour,mochiko,glutinous rice flour,glutinous rice powder,sweet glutinous rice flour,mochi flour,naw may fun
tapioca pearls,pearl tapioca,large pearl tapioca,fish eye tapioca,tapioca balls,sa khu met lek
tapioca starch,tapioca flour,cassava flour,yucca starch,almidon de yuca
water chestnut flour,water chestnut powder,water chestnut starch
corn husk,hoja de maz
gyoza wrappers,gyoza skins
suey gow wrappers,soi gow skins
wax paper,waxed paper,greaseproof paper
aluminum foil,tin foil
corn husk,hoja de maz
dumpling wrappers,dumpling skins,shao mai skins,shu mai skins,siu mai skins,su my wrappers,shiu mai wrappers
egg roll wrappers,egg roll skins,eggroll wrappers,eggroll skins
grape leaves,vine leaves,grape vine leaves
gyoza wrappers,gyoza skins
parchment paper,kitchen parchment,baking pan liner paper,baking parchment,baking paper
potsticker wrappers,potsticker skins
rice paper,spring roll wrappers,Vietnamese rice paper,banh trangwrappers
wax paper,waxed paper,greaseproof paper
wonton wrappers,wonton skins
kugelhopf,kouglof
kulich,Russian Easter bread
limpa bread,Swedish limpa bread,sweet rye bread,Swedish rye bread
Portuguese sweet bread,pao duce,Hawaiian bread
bolillo,pan blanco
breadsticks,grissini,Italian breadsticks
challah,hallah,challa
corn rye bread,corn-rye bread
limpa bread,Swedish limpa bread,sweet rye bread,Swedish rye bread
Portuguese sweet bread,pao duce,Hawaiian bread
Pugliese bread,pan Pugliese
butter cookie,petit
gingersnap,ginger biscuit
ladyfingers,savoiardi,savoiardi cookies,savoiardi biscuits,sponge fingers
ladyfingers,savoiardi,savoiardi cookies,savoiardi biscuits,sponge fingers
mandelbrot,mandel bread
mandelbrot,mandel bread
mandelbrot,mandel bread
palm leaf,palmier
regina cookies,biscotti de regina
Russian tea cookie,snowball,Russian tea cake,Russian tea biscuit,Mexican wedding cookie
amaretti,amaretti biscuits,Italian macaroons,Italian almond cookies
butter cookie,petit
gingersnap,ginger biscuit
ladyfingers,savoiardi,savoiardi cookies,savoiardi biscuits,sponge fingers
mandelbrot,mandel bread
angel food cake,angel cake
angel food cake,angel cake
foam cakes,unshortened cakes
gnoise,genoise,butter sponge cake,French butter sponge cake
sponge cake,spongecake,sunshine cake
angel food cake,angel cake
shortcake,shortbread cake
digestive biscuit,digestive
hardtack,hard bread,pilot biscuit,pilot bread,sea bread,ship biscuit,ship bread,tack
matzo,matzoh
matzo,matzoh
pappadam,papad,poppadum,pappadom
potato chips,crisps
saltine cracker,saltine,soda cracker
saltine cracker,saltine,soda cracker
shrimp chips,krupuk,Indonesian chips
soup nuts,mandlen
water cracker,water biscuit
zwieback,rusk
digestive biscuit,digestive
hardtack,hard bread,pilot biscuit,pilot bread,sea bread,ship biscuit,ship bread,tack
matzo,matzoh
pappadam,papad,poppadum,pappadom
potato chips,crisps
saltine cracker,saltine,soda cracker
soup nuts,mandlen
water cracker,water biscuit
zwieback,rusk
breadcrumbs,bread crumbs
cornbread crumbs,corn bread crumbs,crumbled cornbread,crumbled corn bread
cornflake crumbs,crushed cornflakes
cracker meal,cracker crumbs,crushed crackers
matzo meal,matzoh meal
panko,panko bread crumbs,panko breadcrumbs,Japanese bread crumbs,Japanese breadcrumbs,Japanese style breadcrumbs,Japanese style bread crumbs
stuffing,dressing,stuffing croutons
breadcrumbs,bread crumbs
cornbread crumbs,corn bread crumbs,crumbled cornbread,crumbled corn bread
cornflake crumbs,crushed cornflakes
cracker meal,cracker crumbs,crushed crackers
matzo meal,matzoh meal
panko,panko bread crumbs,panko breadcrumbs,Japanese bread crumbs,Japanese breadcrumbs,Japanese style breadcrumbs,Japanese style bread crumbs
stuffing,dressing,stuffing croutons
baked pizza crust,prebaked pizza shell
baked pizza crust,prebaked pizza shell
barbari bread,nan-e barbari,Persian flat bread
chapati,chappati,chapatti,roti,Indian flat bread
injera,Ethiopian flat bread
injera,Ethiopian flat bread
Mandarin pancakes,doilies,Peking doilies,mu shu shells,moo shu shells,Peking duck wrappers
piadina,piada,pi
pita bread,pocket bread,pide bread,khubz,baladi
pita bread,pocket bread,pide bread,khubz,baladi
baked pizza crust,prebaked pizza shell
barbari bread,nan-e barbari,Persian flat bread
chapati,chappati,chapatti,roti,Indian flat bread
cracker bread,lavash,lawaash,paraki,Armenian cracker bread,lahvosh,lavosh,lawasha,naan-e-lavaash
injera,Ethiopian flat bread
Mandarin pancakes,doilies,Peking doilies,mu shu shells,moo shu shells,Peking duck wrappers
pita bread,pocket bread,pide bread,khubz,baladi
sangak bread,Iranian bread,naneh sangak
green pea,green matar dal
pigeon pea,goongoo pea,gunga pea,gungo pea,congo pea,congo bean,no-eyed peas,gandules
black-eyed pea,cowpea,crowder pea,lobhia,lombia,black-eye bean,black-eye pea,black-eyed suzy,China bean,chawli,poor man's pea,Southern pea
chickpea,chick-pea,garbanzo bean
green pea,green matar dal
pigeon pea,goongoo pea,gunga pea,gungo pea,congo pea,congo bean,no-eyed peas,gandules
yellow pea,yellow matar dal
horse gram,kulith
moath,matki
beluga lentil,black beluga lentil,beluga black lentil,petite beluga lentil
black chickpeas,kala channa,Bengal gram
brown lentil,Indian brown lentil,German lentil,green lentil,continental lentil,Egyptian lentil
channa dal,chana dal,gram dal
French green lentils,Puy lentils,lentilles du Puy,lentilles vertes du Puy Shopping
masoor,masar,mussoor
masoor dal,masar dal,mussoordal,masur dal,pink lentil
toor,tuvar,arhar,tur
toor dal,tuvar dal,arhar dal,yellow lentils,turdal
urad dal,black lentil,black gram,kali dal
urad dal, skinned and split,white lentils,skinned and split black lentils
urad dal, split,split black lentils,chilke urad
appaloosa bean,purple appaloosa bean
azuki bean,adzuki bean,Tiensin red bean,aduki bean,asuki bean,field pea,red Oriental bean,feijao bean,red chori
black azuki bean,black adzuki bean,black aduki bean,asuki bean
black bean,turtle bean,black turtle bean,turtle soup bean,Mexican black bean,Spanish black bean,frijole negro
black bean,turtle bean,black turtle bean,turtle soup bean,Mexican black bean,Spanish black bean,frijole negro
cannellini bean,white kidney bean,fazolia bean
calypso bean,yin yang bean,orca bean
coco bean,coco blanc bean
cranberry bean,borlotti bean,saluggia,shell bean,salugia bean,crab eye bean,rosecoco bean,Roman bean,fagiolo romano
European soldier bean,red eye bean
eye of the goat bean,eye of goat bean
flageolet,fayot
flageolet,fayot
lablab bean,hyacinth bean,bonavist bean,Egyptian bean,Fuji mame,Indian bean,val
lupini bean,tremmocos
maicoba bean,mayocoba bean,Peruvian bean,azufrado bean,Peruano bean,canaria bean,canario bean
navy bean,Yankee bean,white pea bean,pearl haricot,Boston bean,Boston navy bean,pea bean,haricot blanc bean,small white bean,haricot bean,fagioli
red kidney bean,rajma
soybean,soy bean,soya bean
tepary bean,tapary bean,moth dal Shopping
tepary bean,tapary bean,moth dal Shopping
appaloosa bean,purple appaloosa bean
azuki bean,adzuki bean,Tiensin red bean,aduki bean,asuki bean,field pea,red Oriental bean,feijao bean,red chori
black azuki bean,black adzuki bean,black aduki bean,asuki bean
black bean,turtle bean,black turtle bean,turtle soup bean,Mexican black bean,Spanish black bean,frijole negro
cannellini bean,white kidney bean,fazolia bean
calypso bean,yin yang bean,orca bean
chili bean,pink bean
Christmas lima bean,chestnut lima bean
cranberry bean,borlotti bean,saluggia,shell bean,salugia bean,crab eye bean,rosecoco bean,Roman bean,fagiolo romano
European soldier bean,red eye bean
flageolet,fayot
lima bean,butter bean
lupini bean,tremmocos
maicoba bean,mayocoba bean,Peruvian bean,azufrado bean,Peruano bean,canaria bean,canario bean
mortgage runner bean,mortgage lifter bean
mung bean,mungo bean,mung pea,green gram
navy bean,Yankee bean,white pea bean,pearl haricot,Boston bean,Boston navy bean,pea bean,haricot blanc bean,small white bean,haricot bean,fagioli
red bean,small red bean,Mexican red bean
red kidney bean,rajma
scarlet runner bean,runner bean
Steuben yellow bean,Steuben yellow eye bean,butterscotch calypso bean,molasses face bean,Maine yellow eye
tepary bean,tapary bean,moth dal Shopping
Tolosana bean,Spanish Tolosana bean,Prince bean
beechnut,beechmast,beech nut
butternut,white walnut
chufa,chufa nut,tiger nut,earth almond,earth nut,Florida almond,rush nut
mape,Polynesian chestnut
paradise nut,sapucaya nut,sapucia nut
pili nut,Java almond
almond,sweet almond
Brazil nut,para nut,cream nut
candlenut,candle nut,kemiri,country walnut,buah keras
chestnut,marron
Chinese almond,apricot seed,hang yen,dried almond
gingko nut,white nut
hazelnut,filbert,cobnut
macadamia nut,Queensland nut,Australian nut
peanut,groundnut,monkey nut,goober,goober pea
pine nut,pinoli,pinyon,pinolea,pignolia,Indian nut,pion,pignolo,pignoli,snoober,pine kernel
water caltrop,horned water chestnut,Jesuit nut,ling kio,ling chio,ling kok,ling jiao
atsu-age,atsuage,nama-age
barley miso,mugi miso
hatcho miso,hat-cho miso,mame miso,mamemiso,dark miso
okara,unohana,kirazu
pressed tofu,nigari tofu,dow fu kon
regular tofu,medium tofu
silken tofu,kinu-goshi
tempeh,tempe
tofu sour cream,soy sour cream
yellow miso,shinshu miso
yuba,uba,bean curd skins,soy milk skins,bean curd sheets
abura-age,aburage,usu-age,usuage,inariage
atsu-age,atsuage,nama-age
barley miso,mugi miso
hatcho miso,hat-cho miso,mame miso,mamemiso,dark miso
miso,soybean paste,bean paste
okara,unohana,kirazu
pressed tofu,nigari tofu,dow fu kon
red miso,aka miso,akamiso,sendai miso,inaka miso
silken tofu,kinu-goshi
soft tofu,sui-doufu
soy mayonnaise,soya mayonnaise,tofu mayonnaise
soynut butter,soy nut butter
tempeh,tempe
textured soy protein,texturized soy protein,TSP,textured vegetable protein,texturized vegetable protein,TVP,plant protein,vegetable protein,protein crumbles
tofu,bean curd,soybean curd,doufu,soya cheese
white miso,shiro miso,shiromiso,mellow miso,sweet miso,sweet white miso,kyoto shiro miso
yuba,uba,bean curd skins,soy milk skins,bean curd sheets
fermented black bean,salted black bean,dow see,black salted fermented bean
refried beans,frijoles refritos
refried beans,frijoles refritos
fermented black bean,salted black bean,dow see,black salted fermented bean
refried beans,frijoles refritos
black chicken,Taihe chicken,black-boned chicken,Silky chicken
guinea fowl,guinea hen,pintade,faraona,African pheasant
poussin,spring chicken
buffalo,bison
turtle,cooter
Bayonne ham,jambon Bayonne
capocolla,capicola,capacollo,capacola,capocollo,capacolla
picnic ham,picnic shoulder,pork shoulder picnic ham
capocolla,capicola,capacollo,capacola,capocollo,capacolla
city ham,brine-cured ham,pumped ham,wet-cured ham
Serrano ham,jamon serrano
tasso,tasso ham
Westphalian ham,Westfalischer Schinken
bierwurst,beerwurst,beer salami
bologna,baloney,balogna
liverwurst,liver sausage,leberwurst
mortadella,mortadella bologna
ringwurst,ring bologna,fleischwurst
schinkenwurst,bier schinken,ham bologna
soppressata,soppresata,soprassata,finocchiona
sulze,sulz,slze
summer sausage,cervelat,cervelas
teewurst,teawurst
thuringer,thueringer
tongue loaf,tongue sausage
zungenwurst,blut zungenwurst,blood tongue sausage
bierwurst,beerwurst,beer salami
bologna,baloney,balogna
leberkse,leberkase
liverwurst,liver sausage,leberwurst
mortadella,mortadella bologna
pt,
ringwurst,ring bologna,fleischwurst
salami,salame
schinkenwurst,bier schinken,ham bologna
soppressata,soppresata,soprassata,finocchiona
sulze,sulz,slze
summer sausage,cervelat,cervelas
teewurst,teawurst
thuringer,thueringer
tongue loaf,tongue sausage
zungenwurst,blut zungenwurst,blood tongue sausage
boudin rouge,red boudin
knackwurst,knockwurst,knoblauch
landjager,landjaeger
lap cheong,lap chong,lap chung,lop chong,Chinese dried sausages,Chinese sausage
longanisa,longaniza
mettwurst,metts
pickled pork,pickle meat,Creole pickled pork
sujuk,soujouk,yershig
Vienna sausage,Vienna-style frankfurter
weisswurst,weiwrste,white sausage
andouille,Cajun andouille,Louisiana andouille
blood sausage,blood pudding,black pudding,black sausage,boudin noir
boudin blanc,white boudin
chourico,chourio,chaurico
hot dog,wiener,weiner,frankfurter,frank,tube steak,wienerwurst,griddle
kielbasa,kolbasa,kolbasz,Polish sausage,knublewurst,Polnische wurst
knackwurst,knockwurst,knoblauch
landjager,landjaeger
lap cheong,lap chong,lap chung,lop chong,Chinese dried sausages,Chinese sausage
linguica,linguia
longanisa,longaniza
mettwurst,metts
pickled pork,pickle meat,Creole pickled pork
sujuk,soujouk,yershig
Vienna sausage,Vienna-style frankfurter
weisswurst,weiwrste,white sausage
pancetta,Italian bacon
vegetarian bacon,tofu bacon,soy bacon
bacon,American bacon,streaky bacon
Canadian bacon,back bacon,bacon
Irish bacon,back bacon
pancetta,Italian bacon
carne seca,tasajo
chipped beef,dried beef
bunderfleisch,bndner fleisch
chipped beef,dried beef
blackfish,tautog,tog
cobia,sergeant fish,crabeater,lemonfish,coalfish
dogfish,Cape shark
monkfish,goosefish,anglerfish,bellyfish,frogfish,sea-devil
pompano,black pomfret
striped bass,striper
cobia,sergeant fish,crabeater,lemonfish,coalfish
mahi-mahi,mahimahi,dolphin fish,dolphinfish
pompano,black pomfret
striped bass,striper
basa,tra,Mekong catfish,pangas catfish,basa catfish,white roughy,bocourti,Pacific dory,China sole . The flesh is firm and white and milder than our catfish.
ayu,ayu fish,aroma fish
buffalofish,buffalo
chum salmon,dog salmon
coho salmon,silver salmon,medium red salmon
coho salmon,silver salmon,medium red salmon
rainbow runner,kamanu,Hawaiian salmon
red salmon,sockeye salmon,blueback salmon
sablefish,black cod,
coho salmon,silver salmon,medium red salmon
Spanish mackerel,Pacific sierra
Bombay duck,bummalo
Bombay duck,bummalo
bonito flakes,dried bonito flakes,
Finnan Haddie,smoked haddock
gravlax,gravadlax,gravlox
kippered black cod,Alaska smoked cod,smoked sablefish,smoked sable
monkfish liver,foie de lotte,ankimo,monkfish foie gras
salt cod,bacalao,dried salted codfish
shrimp powder,ground dried shrimp To make your
Bombay duck,bummalo
gravlax,gravadlax,gravlox
kamaboko,fish paste cake
salt cod,bacalao,dried salted codfish
bar clam,hen clam,sea clam,Atlantic surf clam
cuttlefish,sepia
spiny lobster,rock lobster,langouste
abalone,awabi,loco,muttonfish,paua
bay scallops,Chinese scallops Shopping
conch,lambi,lambie
crayfish,crawfish,crawdad,ecrevisse,crevisse
Dublin Bay prawn,Dublin prawn,Norway lobster,langoustine,scampi
geoduck clam,gooeyduck clam
hard-shell clam,hardshell clams
periwinkle,bigaros,sea snails,winkles
shrimp,prawn
soft-shell clam,steamer
squid,calamari
surimi,imitation seafood,crab sticks,sea legs
stone crab,moro crab,morro crab
stone crab,moro crab,morro crab
American black caviar,black sturgeon roe
bowfin roe,choupique
capelin roe,masago
capelin roe,masago
caviar,sturgeon roe
coral,lobster coral,lobster roe
flying fish roe,tobikko,tobiko,tobiuonoko
golden caviar,whitefish caviar,whitefish roe,American golden
hackleback roe,black pearl caviar
imperial caviar,golden oscietre,golden ossetra,shah's caviar,royal caviar
ossetra caviar,oscietre caviar,ocietra caviar,asetra caviar
paddlefish roe,grey pearl caviar
sea urchin roe,uni,sea eggs
smelt roe,masago
smoked salmon roe,smoked salmon caviar
tarama,taramo
trout caviar,trout roe
bottarga,boutarque,botarega,botargo,salted mullet roe,Sardinian caviar
capelin roe,masago
salmon roe,red caviar,salmon caviar,ikura
sea urchin roe,uni,sea eggs
smelt roe,masago
tarama,taramo
potash,potassium carbonate,pottasche,pottasch,saleratus,pearl ash
potash,potassium carbonate,pottasche,pottasch,saleratus,pearl ash
active dry yeast,dry yeast
active dry yeast,dry yeast
fresh yeast,compressed yeast,active fresh yeast,cake yeast,baker's compressed yeast,wet yeast
instant yeast,quick yeast,rapid rise active dry yeast,quick rise active dry yeast,fast-rising active dry yeast,fast rising yeast
fat,solid fat
clarified butter,drawn butter,AMF,anhydrous milkfat,butter oil,ghee
goat's butter,staka
lard,pork lard
lard leaves,barding strips,lardons,leaf lard
lard leaves,barding strips,lardons,leaf lard
shortening,vegetable shortening Notes: Crisco
suet,beef suet
clarified butter,drawn butter,AMF,anhydrous milkfat,butter oil,ghee
lard,pork lard
margarine,oleomargarine
shortening,vegetable shortening Notes: Crisco
suet,beef suet
almond oil,expressed almond oil,huile d'amande,sweet almond oil
annatto oil,annato oil,annatto seed oil To make your
canola oil,rapeseed oil,
vegetable oil,salad oil
walnut oil,huile de noix
canola oil,rapeseed oil,
hot chili oil,chili oil
palm oil,dende oil
chive flowers,chive blossoms
golden needles,lily buds,tiger lily buds,lily flowers
impatiens,impatients
Jamaica,hibiscus flowers,Jamaica sorrel,roselle
Jamaica,hibiscus flowers,Jamaica sorrel,roselle
nasturtium,Indian cress
nasturtium,Indian cress
squash blossoms,squash flowers,flor de
Jamaica,hibiscus flowers,Jamaica sorrel,roselle
nasturtium,Indian cress
xanthan,xanthan gum
monosodium glutamate,MSG
vegetable rennet,rennin
vesiga,sturgeon spine marrow
alum,aluminum potassium sulfate,ammonium aluminum sulphate,potassium aluminum phosphate
cream of tartar,potassium acid tartrate,potassium bitartrate
xanthan,xanthan gum
monosodium glutamate,MSG
sake lees,kasu,sakekasu
yam cake,konnyaku,ita konnyaku
pepperoncini,pickled Tuscan peppers,peperoncini
pepperoncini,pickled Tuscan peppers,peperoncini
clam knife,oyster knife,oyster shucker
pizza wheel,pizza cutter
sharpening steel,steel
cookie sheet,baking sheet
insulated cookie sheet,air-bake cookie sheet
insulated cookie sheet,air-bake cookie sheet
sifter,flour sifter
bundt pan,kugelhupf mold
insulated cookie sheet,air-bake cookie sheet
sifter,flour sifter
double boiler,bain marie
iron pan,iron skillet
vacuum stopper,wine saver
sudare,sushi sudare,sushi roller
Synonyms: spirits,hard alcohol,booze,hard liquor
aquavit,akvavit,akevit,snaps
Batavia arak,Batavia arrack
Bourbon whiskey,Bourbon whisky,Bourbon,Kentucky whiskey
corn whiskey,moonshine,white lightning,hooch
dark rum,Jamaican rum
dark rum,Jamaican rum
demerara rum,demeraran rum
grain alcohol,ethanol,ethyl alcohol,grain neutral spirits,pure grain alcohol
Scotch whisky,Scotch
sour-mash whiskey,Tennessee sour-mash whiskey
whiskey,whisky
amber rum,gold rum,aejo rum,brown rum
Bourbon whiskey,Bourbon whisky,Bourbon,Kentucky whiskey
corn whiskey,moonshine,white lightning,hooch
dark rum,Jamaican rum
grain alcohol,ethanol,ethyl alcohol,grain neutral spirits,pure grain alcohol
mezcal,mescal
Scotch whisky,Scotch
sour-mash whiskey,Tennessee sour-mash whiskey
whiskey,whisky
white rum,clear rum,silver rum,light rum,Puerto Rican rum
draft beer,draught beer
India pale ale,IPA
pale ale,amber ale
porter ale,porter
porter ale,porter
stout,stout ale
stout,stout ale
porter ale,porter
stout,stout ale
calf liver,calf's liver,calves' liver,veal liver
Cape capensis,Cape hake,Cape whiting
pollock,Boston bluefish
pollock,Boston bluefish
pollock,Boston bluefish
John Dory,Dory,European John Dory
John Dory,Dory,European John Dory
John Dory,Dory,European John Dory
yellowfish,yellow croaker
yellowfish,yellow croaker
yellowfish,yellow croaker
red snapper,onaga
red snapper,onaga
red snapper,onaga
tilefish,Ocean whitefish
tilefish,Ocean whitefish
